{"cameraMode":{"drawMode":0,"name":"Shaded","section":"Shading Mode"},"sceneLighting":true,"audioPlay":false,"sceneViewState":{"showFog":true,"showMaterialUpdate":true,"showSkybox":true,"showFlares":true,"showImageEffects":true,"showParticleSystems":true},"in2DMode":false,"pivot":{"x":509.8388671875,"y":146.09259033203126,"z":0.0},"rotation":{"x":-8.799960937722062e-7,"y":-0.00025958946207538247,"z":-0.0019840586464852096,"w":-1.0002567768096924},"size":297.1190185546875,"orthographic":false}