{"cameraMode":{"drawMode":0,"name":"Shaded","section":"Shading Mode"},"sceneLighting":true,"audioPlay":false,"sceneViewState":{"showFog":true,"showMaterialUpdate":true,"showSkybox":true,"showFlares":true,"showImageEffects":true,"showParticleSystems":true},"in2DMode":false,"pivot":{"x":13.366881370544434,"y":2.061237335205078,"z":105.16172790527344},"rotation":{"x":0.0662674829363823,"y":-0.00029435657779686153,"z":0.00005727223469875753,"w":0.9978662729263306},"size":74.03620910644531,"orthographic":false}