{"cameraMode":{"drawMode":0,"name":"Shaded","section":"Shading Mode"},"sceneLighting":true,"audioPlay":false,"sceneViewState":{"showFog":true,"showMaterialUpdate":true,"showSkybox":true,"showFlares":true,"showImageEffects":true,"showParticleSystems":true},"in2DMode":false,"pivot":{"x":20.9954776763916,"y":2.5786170959472658,"z":-2.7509002685546877},"rotation":{"x":0.3212054669857025,"y":0.007088652811944485,"z":-0.002467057667672634,"w":0.9470134973526001},"size":25.257566452026368,"orthographic":false}