{"cameraMode":{"drawMode":0,"name":"Shaded","section":"Shading Mode"},"sceneLighting":true,"audioPlay":false,"sceneViewState":{"showFog":true,"showMaterialUpdate":false,"showSkybox":true,"showFlares":true,"showImageEffects":true,"showParticleSystems":true},"in2DMode":false,"pivot":{"x":531.005859375,"y":10.88671875,"z":497.48828125},"rotation":{"x":-0.10889467597007752,"y":0.29509857296943667,"z":-0.033976681530475619,"w":-0.9487316012382507},"size":24.31100082397461,"orthographic":true}