{"cameraMode":{"drawMode":0,"name":"Shaded","section":"Shading Mode"},"sceneLighting":true,"audioPlay":false,"sceneViewState":{"showFog":true,"showMaterialUpdate":false,"showSkybox":true,"showFlares":true,"showImageEffects":true,"showParticleSystems":true},"in2DMode":false,"pivot":{"x":-7.380338668823242,"y":-6.950211524963379,"z":22.816600799560548},"rotation":{"x":-0.23899032175540925,"y":0.12254256755113602,"z":-0.0304194875061512,"w":-0.9627853035926819},"size":20.776065826416017,"orthographic":false}